,movie,year,imdb,metascore,votes,movie decription,movie duration,movie genre
0,Logan,(2017),8.1,77,776193,"
In a future where mutants are nearly extinct, an elderly and weary Logan leads a quiet life. But when Laura, a mutant child pursued by scientists, comes to him for help, he must get her to safety.",137 min,"
Action, Drama, Sci-Fi            "
1,Thor: Ragnarok,(2017),7.9,74,765234,"
Imprisoned on the planet Sakaar, Thor must race against time to return to Asgard and stop Ragnarök, the destruction of his world, at the hands of the powerful and ruthless villain Hela.",130 min,"
Action, Adventure, Comedy            "
2,Guardians of the Galaxy Vol. 2,(2017),7.6,67,694115,"
The Guardians struggle to keep together as a team while dealing with their personal family issues, notably Star-Lord's encounter with his father the ambitious celestial being Ego.",136 min,"
Action, Adventure, Comedy            "
3,Dunkirk,(2017),7.8,94,672763,"
Allied soldiers from Belgium, the British Commonwealth and Empire, and France are surrounded by the German Army and evacuated during a fierce battle in World War II.",106 min,"
Action, Drama, History            "
4,Spider-Man: Homecoming,(2017),7.4,73,669616,"
Peter Parker balances his life as an ordinary high school student in Queens with his superhero alter-ego Spider-Man, and finds himself on the trail of a new menace prowling the skies of New York City.",133 min,"
Action, Adventure, Sci-Fi            "
5,Wonder Woman,(2017),7.4,76,667376,"
When a pilot crashes and tells of conflict in the outside world, Diana, an Amazonian warrior in training, leaves home to fight a war, discovering her full powers and true destiny.",141 min,"
Action, Adventure, Fantasy            "
6,Star Wars: Episode VIII - The Last Jedi,(2017),6.9,84,640733,"
The Star Wars saga continues as new heroes and galactic legends go on an epic adventure, unlocking mysteries of the Force and shocking revelations of the past.",152 min,"
Action, Adventure, Fantasy            "
7,Get Out,(I) (2017),7.7,85,628286,"
A young African-American visits his White girlfriend's parents for the weekend, where his simmering uneasiness about their reception of him eventually reaches a boiling point.",104 min,"
Horror, Mystery, Thriller            "
8,Blade Runner 2049,(2017),8.0,81,589998,"
Young Blade Runner K's discovery of a long-buried secret leads him to track down former Blade Runner Rick Deckard, who's been missing for thirty years.",164 min,"
Action, Drama, Mystery            "
9,It,(I) (2017),7.3,69,560157,"
In the summer of 1989, a group of bullied kids band together to destroy a shape-shifting monster, which disguises itself as a clown and preys on the children of Derry, their small Maine town.",135 min,"
Horror            "
10,Baby Driver,(2017),7.6,86,555191,"
After being coerced into working for a crime boss, a young getaway driver finds himself taking part in a heist doomed to fail.",113 min,"
Action, Crime, Drama            "
11,Coco,(I) (2017),8.4,81,521840,"
Aspiring musician Miguel, confronted with his family's ancestral ban on music, enters the Land of the Dead to find his great-great-grandfather, a legendary singer.",105 min,"
Animation, Adventure, Comedy            "
12,"Three Billboards Outside Ebbing, Missouri",(2017),8.1,88,518360,"
A mother personally challenges the local authorities to solve her daughter's murder when they fail to catch the culprit.",115 min,"
Comedy, Crime, Drama            "
13,Justice League,(2017),6.1,45,458921,"
Fueled by his restored faith in humanity and inspired by Superman's selfless act, Bruce Wayne enlists the help of his new-found ally, Diana Prince, to face an even greater enemy.",120 min,"
Action, Adventure, Fantasy            "
14,John Wick: Chapter 2,(2017),7.4,75,444272,"
After returning to the criminal underworld to repay a debt, John Wick discovers that a large bounty has been put on his life.",122 min,"
Action, Crime, Thriller            "
15,The Shape of Water,(2017),7.3,87,427462,"
At a top secret research facility in the 1960s, a lonely janitor forms a unique relationship with an amphibious creature that is being held in captivity.",123 min,"
Drama, Fantasy, Romance            "
16,Jumanji: Welcome to the Jungle,(2017),6.9,58,390333,"
Four teenagers are sucked into a magical video game, and the only way they can escape is to work together to finish the game.",119 min,"
Action, Adventure, Comedy            "
17,Kingsman: The Golden Circle,(2017),6.7,44,337043,"
After the Kingsman's headquarters are destroyed and the world is held hostage, an allied spy organization in the United States is discovered. These two elite secret agencies must band together to defeat a common enemy.",141 min,"
Action, Adventure, Comedy            "
18,Kong: Skull Island,(2017),6.6,62,325646,"
After the Vietnam war, a team of scientists explores an uncharted island in the Pacific, venturing into the domain of the mighty Kong, and must fight to escape a primal Eden.",118 min,"
Action, Adventure, Fantasy            "
19,Pirates of the Caribbean: Dead Men Tell No Tales,(2017),6.5,39,319424,"
Captain Jack Sparrow is pursued by old rival Captain Salazar and a crew of deadly ghosts who have escaped from the Devil's Triangle. They're determined to kill every pirate at sea...notably Jack.",129 min,"
Action, Adventure, Fantasy            "
20,Beauty and the Beast,(I) (2017),7.1,65,315421,"
A selfish Prince is cursed to become a monster for the rest of his life, unless he learns to fall in love with a beautiful young woman he keeps prisoner.",129 min,"
Adventure, Family, Fantasy            "
21,Lady Bird,(2017),7.4,93,299070,"
In 2002, an artistically inclined 17-year-old girl comes of age in Sacramento, California.",94 min,"
Comedy, Drama            "
22,The Greatest Showman,(2017),7.5,48,288531,"
Celebrates the birth of show business and tells of a visionary who rose from nothing to create a spectacle that became a worldwide sensation.",105 min,"
Biography, Drama, Musical            "
23,Alien: Covenant,(2017),6.4,65,286653,"
The crew of a colony ship, bound for a remote planet, discover an uncharted paradise with a threat beyond their imagination, and must attempt a harrowing escape.",122 min,"
Horror, Sci-Fi, Thriller            "
24,Call Me by Your Name,(2017),7.8,94,282473,"
In 1980s Italy, romance blossoms between a seventeen-year-old student and the older man hired as his father's research assistant.",132 min,"
Drama, Romance            "
25,Murder on the Orient Express,(2017),6.5,52,265220,"
When a murder occurs on the train on which he's travelling, celebrated detective Hercule Poirot is recruited to solve the case.",114 min,"
Crime, Drama, Mystery            "
26,War for the Planet of the Apes,(2017),7.4,82,262967,"
After the apes suffer unimaginable losses, Caesar wrestles with his darker instincts and begins his own mythic quest to avenge his kind.",140 min,"
Action, Adventure, Drama            "
27,Wind River,(2017),7.7,73,258763,"
A veteran hunter helps an FBI agent investigate the murder of a young woman on a Wyoming Native American reservation.",107 min,"
Crime, Drama, Mystery            "
28,The Fate of the Furious,(2017),6.6,56,236996,"
When a mysterious woman seduces Dominic Toretto into the world of terrorism and a betrayal of those closest to him, the crew face trials that will test them as never before.",136 min,"
Action, Crime, Thriller            "
29,Life,(I) (2017),6.6,54,236658,"
A team of scientists aboard the International Space Station discover a rapidly evolving life form that caused extinction on Mars and now threatens all life on Earth.",104 min,"
Horror, Sci-Fi, Thriller            "
30,The Hitman's Bodyguard,(2017),6.9,47,235683,"
One of the world's top bodyguards gets a new client, a world class hitman who must testify at the International Criminal Court. They must put their differences aside and work together to make it to the trial alive and on time.",118 min,"
Action, Comedy, Crime            "
31,Mother!,(2017),6.6,75,232200,"
A couple's relationship is tested when uninvited guests arrive at their home, disrupting their tranquil existence.",121 min,"
Drama, Horror, Mystery            "
32,"I, Tonya",(2017),7.5,77,223702,"
Competitive ice skater Tonya Harding rises amongst the ranks at the U.S. Figure Skating Championships, but her future in the activity is thrown into doubt when her ex-husband intervenes.",119 min,"
Biography, Comedy, Drama            "
33,King Arthur: Legend of the Sword,(2017),6.7,41,221365,"
Robbed of his birthright, Arthur comes up the hard way in the back alleys of the city. But once he pulls the sword from the stone, he is forced to acknowledge his true legacy - whether he likes it or not.",126 min,"
Action, Adventure, Drama            "
34,Ghost in the Shell,(2017),6.3,52,218829,"
In the near future, Major Mira Killian is the first of her kind: A human saved from a terrible crash, who is cyber-enhanced to be a perfect soldier devoted to stopping the world's most dangerous criminals.",107 min,"
Action, Crime, Drama            "
35,Darkest Hour,(2017),7.4,75,206724,"
In May 1940, the fate of World War II hangs on Winston Churchill, who must decide whether to negotiate with Adolf Hitler, or fight on knowing that it could mean the end of the British Empire.",125 min,"
Biography, Drama, War            "
36,Atomic Blonde,(2017),6.7,63,197647,"
An undercover MI6 agent is sent to Berlin during the Cold War to investigate the murder of a fellow agent and recover a missing list of double agents.",115 min,"
Action, Thriller            "
37,The Mummy,(2017),5.4,34,194431,"
An ancient Egyptian princess is awakened from her crypt beneath the desert, bringing with her malevolence grown over millennia, and terrors that defy human comprehension.",110 min,"
Action, Adventure, Fantasy            "
38,Bright,(I) (2017),6.3,29,193096,"
A detective must work with an Orc to find a powerful wand before evil creatures do.",117 min,"
Action, Fantasy, Thriller            "
39,Baywatch,(2017),5.5,37,191144,"
Devoted lifeguard Mitch Buchannon butts heads with a brash new recruit, as they uncover a criminal plot that threatens the future of the bay.",116 min,"
Action, Comedy, Crime            "
40,American Made,(2017),7.1,65,190503,"
The story of Barry Seal, an American pilot who became a drug-runner for the CIA in the 1980s in a clandestine operation that would be exposed as the Iran-Contra Affair.",115 min,"
Action, Comedy, Crime            "
41,Logan,(2017),8.1,77,776193,"
In a future where mutants are nearly extinct, an elderly and weary Logan leads a quiet life. But when Laura, a mutant child pursued by scientists, comes to him for help, he must get her to safety.",137 min,"
Action, Drama, Sci-Fi            "
42,Thor: Ragnarok,(2017),7.9,74,765234,"
Imprisoned on the planet Sakaar, Thor must race against time to return to Asgard and stop Ragnarök, the destruction of his world, at the hands of the powerful and ruthless villain Hela.",130 min,"
Action, Adventure, Comedy            "
43,Guardians of the Galaxy Vol. 2,(2017),7.6,67,694115,"
The Guardians struggle to keep together as a team while dealing with their personal family issues, notably Star-Lord's encounter with his father the ambitious celestial being Ego.",136 min,"
Action, Adventure, Comedy            "
44,Dunkirk,(2017),7.8,94,672763,"
Allied soldiers from Belgium, the British Commonwealth and Empire, and France are surrounded by the German Army and evacuated during a fierce battle in World War II.",106 min,"
Action, Drama, History            "
45,Spider-Man: Homecoming,(2017),7.4,73,669616,"
Peter Parker balances his life as an ordinary high school student in Queens with his superhero alter-ego Spider-Man, and finds himself on the trail of a new menace prowling the skies of New York City.",133 min,"
Action, Adventure, Sci-Fi            "
46,Wonder Woman,(2017),7.4,76,667376,"
When a pilot crashes and tells of conflict in the outside world, Diana, an Amazonian warrior in training, leaves home to fight a war, discovering her full powers and true destiny.",141 min,"
Action, Adventure, Fantasy            "
47,Star Wars: Episode VIII - The Last Jedi,(2017),6.9,84,640733,"
The Star Wars saga continues as new heroes and galactic legends go on an epic adventure, unlocking mysteries of the Force and shocking revelations of the past.",152 min,"
Action, Adventure, Fantasy            "
48,Get Out,(I) (2017),7.7,85,628286,"
A young African-American visits his White girlfriend's parents for the weekend, where his simmering uneasiness about their reception of him eventually reaches a boiling point.",104 min,"
Horror, Mystery, Thriller            "
49,Blade Runner 2049,(2017),8.0,81,589998,"
Young Blade Runner K's discovery of a long-buried secret leads him to track down former Blade Runner Rick Deckard, who's been missing for thirty years.",164 min,"
Action, Drama, Mystery            "
50,It,(I) (2017),7.3,69,560157,"
In the summer of 1989, a group of bullied kids band together to destroy a shape-shifting monster, which disguises itself as a clown and preys on the children of Derry, their small Maine town.",135 min,"
Horror            "
51,Baby Driver,(2017),7.6,86,555191,"
After being coerced into working for a crime boss, a young getaway driver finds himself taking part in a heist doomed to fail.",113 min,"
Action, Crime, Drama            "
52,Coco,(I) (2017),8.4,81,521840,"
Aspiring musician Miguel, confronted with his family's ancestral ban on music, enters the Land of the Dead to find his great-great-grandfather, a legendary singer.",105 min,"
Animation, Adventure, Comedy            "
53,"Three Billboards Outside Ebbing, Missouri",(2017),8.1,88,518360,"
A mother personally challenges the local authorities to solve her daughter's murder when they fail to catch the culprit.",115 min,"
Comedy, Crime, Drama            "
54,Justice League,(2017),6.1,45,458921,"
Fueled by his restored faith in humanity and inspired by Superman's selfless act, Bruce Wayne enlists the help of his new-found ally, Diana Prince, to face an even greater enemy.",120 min,"
Action, Adventure, Fantasy            "
55,John Wick: Chapter 2,(2017),7.4,75,444272,"
After returning to the criminal underworld to repay a debt, John Wick discovers that a large bounty has been put on his life.",122 min,"
Action, Crime, Thriller            "
56,The Shape of Water,(2017),7.3,87,427462,"
At a top secret research facility in the 1960s, a lonely janitor forms a unique relationship with an amphibious creature that is being held in captivity.",123 min,"
Drama, Fantasy, Romance            "
57,Jumanji: Welcome to the Jungle,(2017),6.9,58,390333,"
Four teenagers are sucked into a magical video game, and the only way they can escape is to work together to finish the game.",119 min,"
Action, Adventure, Comedy            "
58,Kingsman: The Golden Circle,(2017),6.7,44,337043,"
After the Kingsman's headquarters are destroyed and the world is held hostage, an allied spy organization in the United States is discovered. These two elite secret agencies must band together to defeat a common enemy.",141 min,"
Action, Adventure, Comedy            "
59,Kong: Skull Island,(2017),6.6,62,325646,"
After the Vietnam war, a team of scientists explores an uncharted island in the Pacific, venturing into the domain of the mighty Kong, and must fight to escape a primal Eden.",118 min,"
Action, Adventure, Fantasy            "
60,Pirates of the Caribbean: Dead Men Tell No Tales,(2017),6.5,39,319424,"
Captain Jack Sparrow is pursued by old rival Captain Salazar and a crew of deadly ghosts who have escaped from the Devil's Triangle. They're determined to kill every pirate at sea...notably Jack.",129 min,"
Action, Adventure, Fantasy            "
61,Beauty and the Beast,(I) (2017),7.1,65,315421,"
A selfish Prince is cursed to become a monster for the rest of his life, unless he learns to fall in love with a beautiful young woman he keeps prisoner.",129 min,"
Adventure, Family, Fantasy            "
62,Lady Bird,(2017),7.4,93,299070,"
In 2002, an artistically inclined 17-year-old girl comes of age in Sacramento, California.",94 min,"
Comedy, Drama            "
63,The Greatest Showman,(2017),7.5,48,288531,"
Celebrates the birth of show business and tells of a visionary who rose from nothing to create a spectacle that became a worldwide sensation.",105 min,"
Biography, Drama, Musical            "
64,Alien: Covenant,(2017),6.4,65,286653,"
The crew of a colony ship, bound for a remote planet, discover an uncharted paradise with a threat beyond their imagination, and must attempt a harrowing escape.",122 min,"
Horror, Sci-Fi, Thriller            "
65,Call Me by Your Name,(2017),7.8,94,282473,"
In 1980s Italy, romance blossoms between a seventeen-year-old student and the older man hired as his father's research assistant.",132 min,"
Drama, Romance            "
66,Murder on the Orient Express,(2017),6.5,52,265220,"
When a murder occurs on the train on which he's travelling, celebrated detective Hercule Poirot is recruited to solve the case.",114 min,"
Crime, Drama, Mystery            "
67,War for the Planet of the Apes,(2017),7.4,82,262967,"
After the apes suffer unimaginable losses, Caesar wrestles with his darker instincts and begins his own mythic quest to avenge his kind.",140 min,"
Action, Adventure, Drama            "
68,Wind River,(2017),7.7,73,258763,"
A veteran hunter helps an FBI agent investigate the murder of a young woman on a Wyoming Native American reservation.",107 min,"
Crime, Drama, Mystery            "
69,The Fate of the Furious,(2017),6.6,56,236996,"
When a mysterious woman seduces Dominic Toretto into the world of terrorism and a betrayal of those closest to him, the crew face trials that will test them as never before.",136 min,"
Action, Crime, Thriller            "
70,Life,(I) (2017),6.6,54,236658,"
A team of scientists aboard the International Space Station discover a rapidly evolving life form that caused extinction on Mars and now threatens all life on Earth.",104 min,"
Horror, Sci-Fi, Thriller            "
71,The Hitman's Bodyguard,(2017),6.9,47,235683,"
One of the world's top bodyguards gets a new client, a world class hitman who must testify at the International Criminal Court. They must put their differences aside and work together to make it to the trial alive and on time.",118 min,"
Action, Comedy, Crime            "
72,Mother!,(2017),6.6,75,232200,"
A couple's relationship is tested when uninvited guests arrive at their home, disrupting their tranquil existence.",121 min,"
Drama, Horror, Mystery            "
73,"I, Tonya",(2017),7.5,77,223702,"
Competitive ice skater Tonya Harding rises amongst the ranks at the U.S. Figure Skating Championships, but her future in the activity is thrown into doubt when her ex-husband intervenes.",119 min,"
Biography, Comedy, Drama            "
74,King Arthur: Legend of the Sword,(2017),6.7,41,221365,"
Robbed of his birthright, Arthur comes up the hard way in the back alleys of the city. But once he pulls the sword from the stone, he is forced to acknowledge his true legacy - whether he likes it or not.",126 min,"
Action, Adventure, Drama            "
75,Ghost in the Shell,(2017),6.3,52,218829,"
In the near future, Major Mira Killian is the first of her kind: A human saved from a terrible crash, who is cyber-enhanced to be a perfect soldier devoted to stopping the world's most dangerous criminals.",107 min,"
Action, Crime, Drama            "
76,Darkest Hour,(2017),7.4,75,206724,"
In May 1940, the fate of World War II hangs on Winston Churchill, who must decide whether to negotiate with Adolf Hitler, or fight on knowing that it could mean the end of the British Empire.",125 min,"
Biography, Drama, War            "
77,Atomic Blonde,(2017),6.7,63,197647,"
An undercover MI6 agent is sent to Berlin during the Cold War to investigate the murder of a fellow agent and recover a missing list of double agents.",115 min,"
Action, Thriller            "
78,The Mummy,(2017),5.4,34,194431,"
An ancient Egyptian princess is awakened from her crypt beneath the desert, bringing with her malevolence grown over millennia, and terrors that defy human comprehension.",110 min,"
Action, Adventure, Fantasy            "
79,Bright,(I) (2017),6.3,29,193096,"
A detective must work with an Orc to find a powerful wand before evil creatures do.",117 min,"
Action, Fantasy, Thriller            "
80,Baywatch,(2017),5.5,37,191144,"
Devoted lifeguard Mitch Buchannon butts heads with a brash new recruit, as they uncover a criminal plot that threatens the future of the bay.",116 min,"
Action, Comedy, Crime            "
81,American Made,(2017),7.1,65,190503,"
The story of Barry Seal, an American pilot who became a drug-runner for the CIA in the 1980s in a clandestine operation that would be exposed as the Iran-Contra Affair.",115 min,"
Action, Comedy, Crime            "
82,Logan,(2017),8.1,77,776193,"
In a future where mutants are nearly extinct, an elderly and weary Logan leads a quiet life. But when Laura, a mutant child pursued by scientists, comes to him for help, he must get her to safety.",137 min,"
Action, Drama, Sci-Fi            "
83,Thor: Ragnarok,(2017),7.9,74,765234,"
Imprisoned on the planet Sakaar, Thor must race against time to return to Asgard and stop Ragnarök, the destruction of his world, at the hands of the powerful and ruthless villain Hela.",130 min,"
Action, Adventure, Comedy            "
84,Guardians of the Galaxy Vol. 2,(2017),7.6,67,694115,"
The Guardians struggle to keep together as a team while dealing with their personal family issues, notably Star-Lord's encounter with his father the ambitious celestial being Ego.",136 min,"
Action, Adventure, Comedy            "
85,Dunkirk,(2017),7.8,94,672763,"
Allied soldiers from Belgium, the British Commonwealth and Empire, and France are surrounded by the German Army and evacuated during a fierce battle in World War II.",106 min,"
Action, Drama, History            "
86,Spider-Man: Homecoming,(2017),7.4,73,669616,"
Peter Parker balances his life as an ordinary high school student in Queens with his superhero alter-ego Spider-Man, and finds himself on the trail of a new menace prowling the skies of New York City.",133 min,"
Action, Adventure, Sci-Fi            "
87,Wonder Woman,(2017),7.4,76,667376,"
When a pilot crashes and tells of conflict in the outside world, Diana, an Amazonian warrior in training, leaves home to fight a war, discovering her full powers and true destiny.",141 min,"
Action, Adventure, Fantasy            "
88,Star Wars: Episode VIII - The Last Jedi,(2017),6.9,84,640733,"
The Star Wars saga continues as new heroes and galactic legends go on an epic adventure, unlocking mysteries of the Force and shocking revelations of the past.",152 min,"
Action, Adventure, Fantasy            "
89,Get Out,(I) (2017),7.7,85,628286,"
A young African-American visits his White girlfriend's parents for the weekend, where his simmering uneasiness about their reception of him eventually reaches a boiling point.",104 min,"
Horror, Mystery, Thriller            "
90,Blade Runner 2049,(2017),8.0,81,589998,"
Young Blade Runner K's discovery of a long-buried secret leads him to track down former Blade Runner Rick Deckard, who's been missing for thirty years.",164 min,"
Action, Drama, Mystery            "
91,It,(I) (2017),7.3,69,560157,"
In the summer of 1989, a group of bullied kids band together to destroy a shape-shifting monster, which disguises itself as a clown and preys on the children of Derry, their small Maine town.",135 min,"
Horror            "
92,Baby Driver,(2017),7.6,86,555191,"
After being coerced into working for a crime boss, a young getaway driver finds himself taking part in a heist doomed to fail.",113 min,"
Action, Crime, Drama            "
93,Coco,(I) (2017),8.4,81,521840,"
Aspiring musician Miguel, confronted with his family's ancestral ban on music, enters the Land of the Dead to find his great-great-grandfather, a legendary singer.",105 min,"
Animation, Adventure, Comedy            "
94,"Three Billboards Outside Ebbing, Missouri",(2017),8.1,88,518360,"
A mother personally challenges the local authorities to solve her daughter's murder when they fail to catch the culprit.",115 min,"
Comedy, Crime, Drama            "
95,Justice League,(2017),6.1,45,458921,"
Fueled by his restored faith in humanity and inspired by Superman's selfless act, Bruce Wayne enlists the help of his new-found ally, Diana Prince, to face an even greater enemy.",120 min,"
Action, Adventure, Fantasy            "
96,John Wick: Chapter 2,(2017),7.4,75,444272,"
After returning to the criminal underworld to repay a debt, John Wick discovers that a large bounty has been put on his life.",122 min,"
Action, Crime, Thriller            "
97,The Shape of Water,(2017),7.3,87,427462,"
At a top secret research facility in the 1960s, a lonely janitor forms a unique relationship with an amphibious creature that is being held in captivity.",123 min,"
Drama, Fantasy, Romance            "
98,Jumanji: Welcome to the Jungle,(2017),6.9,58,390333,"
Four teenagers are sucked into a magical video game, and the only way they can escape is to work together to finish the game.",119 min,"
Action, Adventure, Comedy            "
99,Kingsman: The Golden Circle,(2017),6.7,44,337043,"
After the Kingsman's headquarters are destroyed and the world is held hostage, an allied spy organization in the United States is discovered. These two elite secret agencies must band together to defeat a common enemy.",141 min,"
Action, Adventure, Comedy            "
100,Kong: Skull Island,(2017),6.6,62,325646,"
After the Vietnam war, a team of scientists explores an uncharted island in the Pacific, venturing into the domain of the mighty Kong, and must fight to escape a primal Eden.",118 min,"
Action, Adventure, Fantasy            "
101,Pirates of the Caribbean: Dead Men Tell No Tales,(2017),6.5,39,319424,"
Captain Jack Sparrow is pursued by old rival Captain Salazar and a crew of deadly ghosts who have escaped from the Devil's Triangle. They're determined to kill every pirate at sea...notably Jack.",129 min,"
Action, Adventure, Fantasy            "
102,Beauty and the Beast,(I) (2017),7.1,65,315421,"
A selfish Prince is cursed to become a monster for the rest of his life, unless he learns to fall in love with a beautiful young woman he keeps prisoner.",129 min,"
Adventure, Family, Fantasy            "
103,Lady Bird,(2017),7.4,93,299070,"
In 2002, an artistically inclined 17-year-old girl comes of age in Sacramento, California.",94 min,"
Comedy, Drama            "
104,The Greatest Showman,(2017),7.5,48,288531,"
Celebrates the birth of show business and tells of a visionary who rose from nothing to create a spectacle that became a worldwide sensation.",105 min,"
Biography, Drama, Musical            "
105,Alien: Covenant,(2017),6.4,65,286653,"
The crew of a colony ship, bound for a remote planet, discover an uncharted paradise with a threat beyond their imagination, and must attempt a harrowing escape.",122 min,"
Horror, Sci-Fi, Thriller            "
106,Call Me by Your Name,(2017),7.8,94,282473,"
In 1980s Italy, romance blossoms between a seventeen-year-old student and the older man hired as his father's research assistant.",132 min,"
Drama, Romance            "
107,Murder on the Orient Express,(2017),6.5,52,265220,"
When a murder occurs on the train on which he's travelling, celebrated detective Hercule Poirot is recruited to solve the case.",114 min,"
Crime, Drama, Mystery            "
108,War for the Planet of the Apes,(2017),7.4,82,262967,"
After the apes suffer unimaginable losses, Caesar wrestles with his darker instincts and begins his own mythic quest to avenge his kind.",140 min,"
Action, Adventure, Drama            "
109,Wind River,(2017),7.7,73,258763,"
A veteran hunter helps an FBI agent investigate the murder of a young woman on a Wyoming Native American reservation.",107 min,"
Crime, Drama, Mystery            "
110,The Fate of the Furious,(2017),6.6,56,236996,"
When a mysterious woman seduces Dominic Toretto into the world of terrorism and a betrayal of those closest to him, the crew face trials that will test them as never before.",136 min,"
Action, Crime, Thriller            "
111,Life,(I) (2017),6.6,54,236658,"
A team of scientists aboard the International Space Station discover a rapidly evolving life form that caused extinction on Mars and now threatens all life on Earth.",104 min,"
Horror, Sci-Fi, Thriller            "
112,The Hitman's Bodyguard,(2017),6.9,47,235683,"
One of the world's top bodyguards gets a new client, a world class hitman who must testify at the International Criminal Court. They must put their differences aside and work together to make it to the trial alive and on time.",118 min,"
Action, Comedy, Crime            "
113,Mother!,(2017),6.6,75,232200,"
A couple's relationship is tested when uninvited guests arrive at their home, disrupting their tranquil existence.",121 min,"
Drama, Horror, Mystery            "
114,"I, Tonya",(2017),7.5,77,223702,"
Competitive ice skater Tonya Harding rises amongst the ranks at the U.S. Figure Skating Championships, but her future in the activity is thrown into doubt when her ex-husband intervenes.",119 min,"
Biography, Comedy, Drama            "
115,King Arthur: Legend of the Sword,(2017),6.7,41,221365,"
Robbed of his birthright, Arthur comes up the hard way in the back alleys of the city. But once he pulls the sword from the stone, he is forced to acknowledge his true legacy - whether he likes it or not.",126 min,"
Action, Adventure, Drama            "
116,Ghost in the Shell,(2017),6.3,52,218829,"
In the near future, Major Mira Killian is the first of her kind: A human saved from a terrible crash, who is cyber-enhanced to be a perfect soldier devoted to stopping the world's most dangerous criminals.",107 min,"
Action, Crime, Drama            "
117,Darkest Hour,(2017),7.4,75,206724,"
In May 1940, the fate of World War II hangs on Winston Churchill, who must decide whether to negotiate with Adolf Hitler, or fight on knowing that it could mean the end of the British Empire.",125 min,"
Biography, Drama, War            "
118,Atomic Blonde,(2017),6.7,63,197647,"
An undercover MI6 agent is sent to Berlin during the Cold War to investigate the murder of a fellow agent and recover a missing list of double agents.",115 min,"
Action, Thriller            "
119,The Mummy,(2017),5.4,34,194431,"
An ancient Egyptian princess is awakened from her crypt beneath the desert, bringing with her malevolence grown over millennia, and terrors that defy human comprehension.",110 min,"
Action, Adventure, Fantasy            "
120,Bright,(I) (2017),6.3,29,193096,"
A detective must work with an Orc to find a powerful wand before evil creatures do.",117 min,"
Action, Fantasy, Thriller            "
121,Baywatch,(2017),5.5,37,191144,"
Devoted lifeguard Mitch Buchannon butts heads with a brash new recruit, as they uncover a criminal plot that threatens the future of the bay.",116 min,"
Action, Comedy, Crime            "
122,American Made,(2017),7.1,65,190503,"
The story of Barry Seal, an American pilot who became a drug-runner for the CIA in the 1980s in a clandestine operation that would be exposed as the Iran-Contra Affair.",115 min,"
Action, Comedy, Crime            "
123,Logan,(2017),8.1,77,776193,"
In a future where mutants are nearly extinct, an elderly and weary Logan leads a quiet life. But when Laura, a mutant child pursued by scientists, comes to him for help, he must get her to safety.",137 min,"
Action, Drama, Sci-Fi            "
124,Thor: Ragnarok,(2017),7.9,74,765234,"
Imprisoned on the planet Sakaar, Thor must race against time to return to Asgard and stop Ragnarök, the destruction of his world, at the hands of the powerful and ruthless villain Hela.",130 min,"
Action, Adventure, Comedy            "
125,Guardians of the Galaxy Vol. 2,(2017),7.6,67,694115,"
The Guardians struggle to keep together as a team while dealing with their personal family issues, notably Star-Lord's encounter with his father the ambitious celestial being Ego.",136 min,"
Action, Adventure, Comedy            "
126,Dunkirk,(2017),7.8,94,672763,"
Allied soldiers from Belgium, the British Commonwealth and Empire, and France are surrounded by the German Army and evacuated during a fierce battle in World War II.",106 min,"
Action, Drama, History            "
127,Spider-Man: Homecoming,(2017),7.4,73,669616,"
Peter Parker balances his life as an ordinary high school student in Queens with his superhero alter-ego Spider-Man, and finds himself on the trail of a new menace prowling the skies of New York City.",133 min,"
Action, Adventure, Sci-Fi            "
128,Wonder Woman,(2017),7.4,76,667376,"
When a pilot crashes and tells of conflict in the outside world, Diana, an Amazonian warrior in training, leaves home to fight a war, discovering her full powers and true destiny.",141 min,"
Action, Adventure, Fantasy            "
129,Star Wars: Episode VIII - The Last Jedi,(2017),6.9,84,640733,"
The Star Wars saga continues as new heroes and galactic legends go on an epic adventure, unlocking mysteries of the Force and shocking revelations of the past.",152 min,"
Action, Adventure, Fantasy            "
130,Get Out,(I) (2017),7.7,85,628286,"
A young African-American visits his White girlfriend's parents for the weekend, where his simmering uneasiness about their reception of him eventually reaches a boiling point.",104 min,"
Horror, Mystery, Thriller            "
131,Blade Runner 2049,(2017),8.0,81,589998,"
Young Blade Runner K's discovery of a long-buried secret leads him to track down former Blade Runner Rick Deckard, who's been missing for thirty years.",164 min,"
Action, Drama, Mystery            "
132,It,(I) (2017),7.3,69,560157,"
In the summer of 1989, a group of bullied kids band together to destroy a shape-shifting monster, which disguises itself as a clown and preys on the children of Derry, their small Maine town.",135 min,"
Horror            "
133,Baby Driver,(2017),7.6,86,555191,"
After being coerced into working for a crime boss, a young getaway driver finds himself taking part in a heist doomed to fail.",113 min,"
Action, Crime, Drama            "
134,Coco,(I) (2017),8.4,81,521840,"
Aspiring musician Miguel, confronted with his family's ancestral ban on music, enters the Land of the Dead to find his great-great-grandfather, a legendary singer.",105 min,"
Animation, Adventure, Comedy            "
135,"Three Billboards Outside Ebbing, Missouri",(2017),8.1,88,518360,"
A mother personally challenges the local authorities to solve her daughter's murder when they fail to catch the culprit.",115 min,"
Comedy, Crime, Drama            "
136,Justice League,(2017),6.1,45,458921,"
Fueled by his restored faith in humanity and inspired by Superman's selfless act, Bruce Wayne enlists the help of his new-found ally, Diana Prince, to face an even greater enemy.",120 min,"
Action, Adventure, Fantasy            "
137,John Wick: Chapter 2,(2017),7.4,75,444272,"
After returning to the criminal underworld to repay a debt, John Wick discovers that a large bounty has been put on his life.",122 min,"
Action, Crime, Thriller            "
138,The Shape of Water,(2017),7.3,87,427462,"
At a top secret research facility in the 1960s, a lonely janitor forms a unique relationship with an amphibious creature that is being held in captivity.",123 min,"
Drama, Fantasy, Romance            "
139,Jumanji: Welcome to the Jungle,(2017),6.9,58,390333,"
Four teenagers are sucked into a magical video game, and the only way they can escape is to work together to finish the game.",119 min,"
Action, Adventure, Comedy            "
140,Kingsman: The Golden Circle,(2017),6.7,44,337043,"
After the Kingsman's headquarters are destroyed and the world is held hostage, an allied spy organization in the United States is discovered. These two elite secret agencies must band together to defeat a common enemy.",141 min,"
Action, Adventure, Comedy            "
141,Kong: Skull Island,(2017),6.6,62,325646,"
After the Vietnam war, a team of scientists explores an uncharted island in the Pacific, venturing into the domain of the mighty Kong, and must fight to escape a primal Eden.",118 min,"
Action, Adventure, Fantasy            "
142,Pirates of the Caribbean: Dead Men Tell No Tales,(2017),6.5,39,319424,"
Captain Jack Sparrow is pursued by old rival Captain Salazar and a crew of deadly ghosts who have escaped from the Devil's Triangle. They're determined to kill every pirate at sea...notably Jack.",129 min,"
Action, Adventure, Fantasy            "
143,Beauty and the Beast,(I) (2017),7.1,65,315421,"
A selfish Prince is cursed to become a monster for the rest of his life, unless he learns to fall in love with a beautiful young woman he keeps prisoner.",129 min,"
Adventure, Family, Fantasy            "
144,Lady Bird,(2017),7.4,93,299070,"
In 2002, an artistically inclined 17-year-old girl comes of age in Sacramento, California.",94 min,"
Comedy, Drama            "
145,The Greatest Showman,(2017),7.5,48,288531,"
Celebrates the birth of show business and tells of a visionary who rose from nothing to create a spectacle that became a worldwide sensation.",105 min,"
Biography, Drama, Musical            "
146,Alien: Covenant,(2017),6.4,65,286653,"
The crew of a colony ship, bound for a remote planet, discover an uncharted paradise with a threat beyond their imagination, and must attempt a harrowing escape.",122 min,"
Horror, Sci-Fi, Thriller            "
147,Call Me by Your Name,(2017),7.8,94,282473,"
In 1980s Italy, romance blossoms between a seventeen-year-old student and the older man hired as his father's research assistant.",132 min,"
Drama, Romance            "
148,Murder on the Orient Express,(2017),6.5,52,265220,"
When a murder occurs on the train on which he's travelling, celebrated detective Hercule Poirot is recruited to solve the case.",114 min,"
Crime, Drama, Mystery            "
149,War for the Planet of the Apes,(2017),7.4,82,262967,"
After the apes suffer unimaginable losses, Caesar wrestles with his darker instincts and begins his own mythic quest to avenge his kind.",140 min,"
Action, Adventure, Drama            "
150,Wind River,(2017),7.7,73,258763,"
A veteran hunter helps an FBI agent investigate the murder of a young woman on a Wyoming Native American reservation.",107 min,"
Crime, Drama, Mystery            "
151,The Fate of the Furious,(2017),6.6,56,236996,"
When a mysterious woman seduces Dominic Toretto into the world of terrorism and a betrayal of those closest to him, the crew face trials that will test them as never before.",136 min,"
Action, Crime, Thriller            "
152,Life,(I) (2017),6.6,54,236658,"
A team of scientists aboard the International Space Station discover a rapidly evolving life form that caused extinction on Mars and now threatens all life on Earth.",104 min,"
Horror, Sci-Fi, Thriller            "
153,The Hitman's Bodyguard,(2017),6.9,47,235683,"
One of the world's top bodyguards gets a new client, a world class hitman who must testify at the International Criminal Court. They must put their differences aside and work together to make it to the trial alive and on time.",118 min,"
Action, Comedy, Crime            "
154,Mother!,(2017),6.6,75,232200,"
A couple's relationship is tested when uninvited guests arrive at their home, disrupting their tranquil existence.",121 min,"
Drama, Horror, Mystery            "
155,"I, Tonya",(2017),7.5,77,223702,"
Competitive ice skater Tonya Harding rises amongst the ranks at the U.S. Figure Skating Championships, but her future in the activity is thrown into doubt when her ex-husband intervenes.",119 min,"
Biography, Comedy, Drama            "
156,King Arthur: Legend of the Sword,(2017),6.7,41,221365,"
Robbed of his birthright, Arthur comes up the hard way in the back alleys of the city. But once he pulls the sword from the stone, he is forced to acknowledge his true legacy - whether he likes it or not.",126 min,"
Action, Adventure, Drama            "
157,Ghost in the Shell,(2017),6.3,52,218829,"
In the near future, Major Mira Killian is the first of her kind: A human saved from a terrible crash, who is cyber-enhanced to be a perfect soldier devoted to stopping the world's most dangerous criminals.",107 min,"
Action, Crime, Drama            "
158,Darkest Hour,(2017),7.4,75,206724,"
In May 1940, the fate of World War II hangs on Winston Churchill, who must decide whether to negotiate with Adolf Hitler, or fight on knowing that it could mean the end of the British Empire.",125 min,"
Biography, Drama, War            "
159,Atomic Blonde,(2017),6.7,63,197647,"
An undercover MI6 agent is sent to Berlin during the Cold War to investigate the murder of a fellow agent and recover a missing list of double agents.",115 min,"
Action, Thriller            "
160,The Mummy,(2017),5.4,34,194431,"
An ancient Egyptian princess is awakened from her crypt beneath the desert, bringing with her malevolence grown over millennia, and terrors that defy human comprehension.",110 min,"
Action, Adventure, Fantasy            "
161,Bright,(I) (2017),6.3,29,193096,"
A detective must work with an Orc to find a powerful wand before evil creatures do.",117 min,"
Action, Fantasy, Thriller            "
162,Baywatch,(2017),5.5,37,191144,"
Devoted lifeguard Mitch Buchannon butts heads with a brash new recruit, as they uncover a criminal plot that threatens the future of the bay.",116 min,"
Action, Comedy, Crime            "
163,American Made,(2017),7.1,65,190503,"
The story of Barry Seal, an American pilot who became a drug-runner for the CIA in the 1980s in a clandestine operation that would be exposed as the Iran-Contra Affair.",115 min,"
Action, Comedy, Crime            "
164,Logan,(2017),8.1,77,776193,"
In a future where mutants are nearly extinct, an elderly and weary Logan leads a quiet life. But when Laura, a mutant child pursued by scientists, comes to him for help, he must get her to safety.",137 min,"
Action, Drama, Sci-Fi            "
165,Thor: Ragnarok,(2017),7.9,74,765234,"
Imprisoned on the planet Sakaar, Thor must race against time to return to Asgard and stop Ragnarök, the destruction of his world, at the hands of the powerful and ruthless villain Hela.",130 min,"
Action, Adventure, Comedy            "
166,Guardians of the Galaxy Vol. 2,(2017),7.6,67,694115,"
The Guardians struggle to keep together as a team while dealing with their personal family issues, notably Star-Lord's encounter with his father the ambitious celestial being Ego.",136 min,"
Action, Adventure, Comedy            "
167,Dunkirk,(2017),7.8,94,672763,"
Allied soldiers from Belgium, the British Commonwealth and Empire, and France are surrounded by the German Army and evacuated during a fierce battle in World War II.",106 min,"
Action, Drama, History            "
168,Spider-Man: Homecoming,(2017),7.4,73,669616,"
Peter Parker balances his life as an ordinary high school student in Queens with his superhero alter-ego Spider-Man, and finds himself on the trail of a new menace prowling the skies of New York City.",133 min,"
Action, Adventure, Sci-Fi            "
169,Wonder Woman,(2017),7.4,76,667376,"
When a pilot crashes and tells of conflict in the outside world, Diana, an Amazonian warrior in training, leaves home to fight a war, discovering her full powers and true destiny.",141 min,"
Action, Adventure, Fantasy            "
170,Star Wars: Episode VIII - The Last Jedi,(2017),6.9,84,640733,"
The Star Wars saga continues as new heroes and galactic legends go on an epic adventure, unlocking mysteries of the Force and shocking revelations of the past.",152 min,"
Action, Adventure, Fantasy            "
171,Get Out,(I) (2017),7.7,85,628286,"
A young African-American visits his White girlfriend's parents for the weekend, where his simmering uneasiness about their reception of him eventually reaches a boiling point.",104 min,"
Horror, Mystery, Thriller            "
172,Blade Runner 2049,(2017),8.0,81,589998,"
Young Blade Runner K's discovery of a long-buried secret leads him to track down former Blade Runner Rick Deckard, who's been missing for thirty years.",164 min,"
Action, Drama, Mystery            "
173,It,(I) (2017),7.3,69,560157,"
In the summer of 1989, a group of bullied kids band together to destroy a shape-shifting monster, which disguises itself as a clown and preys on the children of Derry, their small Maine town.",135 min,"
Horror            "
174,Baby Driver,(2017),7.6,86,555191,"
After being coerced into working for a crime boss, a young getaway driver finds himself taking part in a heist doomed to fail.",113 min,"
Action, Crime, Drama            "
175,Coco,(I) (2017),8.4,81,521840,"
Aspiring musician Miguel, confronted with his family's ancestral ban on music, enters the Land of the Dead to find his great-great-grandfather, a legendary singer.",105 min,"
Animation, Adventure, Comedy            "
176,"Three Billboards Outside Ebbing, Missouri",(2017),8.1,88,518360,"
A mother personally challenges the local authorities to solve her daughter's murder when they fail to catch the culprit.",115 min,"
Comedy, Crime, Drama            "
177,Justice League,(2017),6.1,45,458921,"
Fueled by his restored faith in humanity and inspired by Superman's selfless act, Bruce Wayne enlists the help of his new-found ally, Diana Prince, to face an even greater enemy.",120 min,"
Action, Adventure, Fantasy            "
178,John Wick: Chapter 2,(2017),7.4,75,444272,"
After returning to the criminal underworld to repay a debt, John Wick discovers that a large bounty has been put on his life.",122 min,"
Action, Crime, Thriller            "
179,The Shape of Water,(2017),7.3,87,427462,"
At a top secret research facility in the 1960s, a lonely janitor forms a unique relationship with an amphibious creature that is being held in captivity.",123 min,"
Drama, Fantasy, Romance            "
180,Jumanji: Welcome to the Jungle,(2017),6.9,58,390333,"
Four teenagers are sucked into a magical video game, and the only way they can escape is to work together to finish the game.",119 min,"
Action, Adventure, Comedy            "
181,Kingsman: The Golden Circle,(2017),6.7,44,337043,"
After the Kingsman's headquarters are destroyed and the world is held hostage, an allied spy organization in the United States is discovered. These two elite secret agencies must band together to defeat a common enemy.",141 min,"
Action, Adventure, Comedy            "
182,Kong: Skull Island,(2017),6.6,62,325646,"
After the Vietnam war, a team of scientists explores an uncharted island in the Pacific, venturing into the domain of the mighty Kong, and must fight to escape a primal Eden.",118 min,"
Action, Adventure, Fantasy            "
183,Pirates of the Caribbean: Dead Men Tell No Tales,(2017),6.5,39,319424,"
Captain Jack Sparrow is pursued by old rival Captain Salazar and a crew of deadly ghosts who have escaped from the Devil's Triangle. They're determined to kill every pirate at sea...notably Jack.",129 min,"
Action, Adventure, Fantasy            "
184,Beauty and the Beast,(I) (2017),7.1,65,315421,"
A selfish Prince is cursed to become a monster for the rest of his life, unless he learns to fall in love with a beautiful young woman he keeps prisoner.",129 min,"
Adventure, Family, Fantasy            "
185,Lady Bird,(2017),7.4,93,299070,"
In 2002, an artistically inclined 17-year-old girl comes of age in Sacramento, California.",94 min,"
Comedy, Drama            "
186,The Greatest Showman,(2017),7.5,48,288531,"
Celebrates the birth of show business and tells of a visionary who rose from nothing to create a spectacle that became a worldwide sensation.",105 min,"
Biography, Drama, Musical            "
187,Alien: Covenant,(2017),6.4,65,286653,"
The crew of a colony ship, bound for a remote planet, discover an uncharted paradise with a threat beyond their imagination, and must attempt a harrowing escape.",122 min,"
Horror, Sci-Fi, Thriller            "
188,Call Me by Your Name,(2017),7.8,94,282473,"
In 1980s Italy, romance blossoms between a seventeen-year-old student and the older man hired as his father's research assistant.",132 min,"
Drama, Romance            "
189,Murder on the Orient Express,(2017),6.5,52,265220,"
When a murder occurs on the train on which he's travelling, celebrated detective Hercule Poirot is recruited to solve the case.",114 min,"
Crime, Drama, Mystery            "
190,War for the Planet of the Apes,(2017),7.4,82,262967,"
After the apes suffer unimaginable losses, Caesar wrestles with his darker instincts and begins his own mythic quest to avenge his kind.",140 min,"
Action, Adventure, Drama            "
191,Wind River,(2017),7.7,73,258763,"
A veteran hunter helps an FBI agent investigate the murder of a young woman on a Wyoming Native American reservation.",107 min,"
Crime, Drama, Mystery            "
192,The Fate of the Furious,(2017),6.6,56,236996,"
When a mysterious woman seduces Dominic Toretto into the world of terrorism and a betrayal of those closest to him, the crew face trials that will test them as never before.",136 min,"
Action, Crime, Thriller            "
193,Life,(I) (2017),6.6,54,236658,"
A team of scientists aboard the International Space Station discover a rapidly evolving life form that caused extinction on Mars and now threatens all life on Earth.",104 min,"
Horror, Sci-Fi, Thriller            "
194,The Hitman's Bodyguard,(2017),6.9,47,235683,"
One of the world's top bodyguards gets a new client, a world class hitman who must testify at the International Criminal Court. They must put their differences aside and work together to make it to the trial alive and on time.",118 min,"
Action, Comedy, Crime            "
195,Mother!,(2017),6.6,75,232200,"
A couple's relationship is tested when uninvited guests arrive at their home, disrupting their tranquil existence.",121 min,"
Drama, Horror, Mystery            "
196,"I, Tonya",(2017),7.5,77,223702,"
Competitive ice skater Tonya Harding rises amongst the ranks at the U.S. Figure Skating Championships, but her future in the activity is thrown into doubt when her ex-husband intervenes.",119 min,"
Biography, Comedy, Drama            "
197,King Arthur: Legend of the Sword,(2017),6.7,41,221365,"
Robbed of his birthright, Arthur comes up the hard way in the back alleys of the city. But once he pulls the sword from the stone, he is forced to acknowledge his true legacy - whether he likes it or not.",126 min,"
Action, Adventure, Drama            "
198,Ghost in the Shell,(2017),6.3,52,218829,"
In the near future, Major Mira Killian is the first of her kind: A human saved from a terrible crash, who is cyber-enhanced to be a perfect soldier devoted to stopping the world's most dangerous criminals.",107 min,"
Action, Crime, Drama            "
199,Darkest Hour,(2017),7.4,75,206724,"
In May 1940, the fate of World War II hangs on Winston Churchill, who must decide whether to negotiate with Adolf Hitler, or fight on knowing that it could mean the end of the British Empire.",125 min,"
Biography, Drama, War            "
200,Atomic Blonde,(2017),6.7,63,197647,"
An undercover MI6 agent is sent to Berlin during the Cold War to investigate the murder of a fellow agent and recover a missing list of double agents.",115 min,"
Action, Thriller            "
201,The Mummy,(2017),5.4,34,194431,"
An ancient Egyptian princess is awakened from her crypt beneath the desert, bringing with her malevolence grown over millennia, and terrors that defy human comprehension.",110 min,"
Action, Adventure, Fantasy            "
202,Bright,(I) (2017),6.3,29,193096,"
A detective must work with an Orc to find a powerful wand before evil creatures do.",117 min,"
Action, Fantasy, Thriller            "
203,Baywatch,(2017),5.5,37,191144,"
Devoted lifeguard Mitch Buchannon butts heads with a brash new recruit, as they uncover a criminal plot that threatens the future of the bay.",116 min,"
Action, Comedy, Crime            "
204,American Made,(2017),7.1,65,190503,"
The story of Barry Seal, an American pilot who became a drug-runner for the CIA in the 1980s in a clandestine operation that would be exposed as the Iran-Contra Affair.",115 min,"
Action, Comedy, Crime            "
205,Logan,(2017),8.1,77,776193,"
In a future where mutants are nearly extinct, an elderly and weary Logan leads a quiet life. But when Laura, a mutant child pursued by scientists, comes to him for help, he must get her to safety.",137 min,"
Action, Drama, Sci-Fi            "
206,Thor: Ragnarok,(2017),7.9,74,765234,"
Imprisoned on the planet Sakaar, Thor must race against time to return to Asgard and stop Ragnarök, the destruction of his world, at the hands of the powerful and ruthless villain Hela.",130 min,"
Action, Adventure, Comedy            "
207,Guardians of the Galaxy Vol. 2,(2017),7.6,67,694115,"
The Guardians struggle to keep together as a team while dealing with their personal family issues, notably Star-Lord's encounter with his father the ambitious celestial being Ego.",136 min,"
Action, Adventure, Comedy            "
208,Dunkirk,(2017),7.8,94,672763,"
Allied soldiers from Belgium, the British Commonwealth and Empire, and France are surrounded by the German Army and evacuated during a fierce battle in World War II.",106 min,"
Action, Drama, History            "
209,Spider-Man: Homecoming,(2017),7.4,73,669616,"
Peter Parker balances his life as an ordinary high school student in Queens with his superhero alter-ego Spider-Man, and finds himself on the trail of a new menace prowling the skies of New York City.",133 min,"
Action, Adventure, Sci-Fi            "
210,Wonder Woman,(2017),7.4,76,667376,"
When a pilot crashes and tells of conflict in the outside world, Diana, an Amazonian warrior in training, leaves home to fight a war, discovering her full powers and true destiny.",141 min,"
Action, Adventure, Fantasy            "
211,Star Wars: Episode VIII - The Last Jedi,(2017),6.9,84,640733,"
The Star Wars saga continues as new heroes and galactic legends go on an epic adventure, unlocking mysteries of the Force and shocking revelations of the past.",152 min,"
Action, Adventure, Fantasy            "
212,Get Out,(I) (2017),7.7,85,628286,"
A young African-American visits his White girlfriend's parents for the weekend, where his simmering uneasiness about their reception of him eventually reaches a boiling point.",104 min,"
Horror, Mystery, Thriller            "
213,Blade Runner 2049,(2017),8.0,81,589998,"
Young Blade Runner K's discovery of a long-buried secret leads him to track down former Blade Runner Rick Deckard, who's been missing for thirty years.",164 min,"
Action, Drama, Mystery            "
214,It,(I) (2017),7.3,69,560157,"
In the summer of 1989, a group of bullied kids band together to destroy a shape-shifting monster, which disguises itself as a clown and preys on the children of Derry, their small Maine town.",135 min,"
Horror            "
215,Baby Driver,(2017),7.6,86,555191,"
After being coerced into working for a crime boss, a young getaway driver finds himself taking part in a heist doomed to fail.",113 min,"
Action, Crime, Drama            "
216,Coco,(I) (2017),8.4,81,521840,"
Aspiring musician Miguel, confronted with his family's ancestral ban on music, enters the Land of the Dead to find his great-great-grandfather, a legendary singer.",105 min,"
Animation, Adventure, Comedy            "
217,"Three Billboards Outside Ebbing, Missouri",(2017),8.1,88,518360,"
A mother personally challenges the local authorities to solve her daughter's murder when they fail to catch the culprit.",115 min,"
Comedy, Crime, Drama            "
218,Justice League,(2017),6.1,45,458921,"
Fueled by his restored faith in humanity and inspired by Superman's selfless act, Bruce Wayne enlists the help of his new-found ally, Diana Prince, to face an even greater enemy.",120 min,"
Action, Adventure, Fantasy            "
219,John Wick: Chapter 2,(2017),7.4,75,444272,"
After returning to the criminal underworld to repay a debt, John Wick discovers that a large bounty has been put on his life.",122 min,"
Action, Crime, Thriller            "
220,The Shape of Water,(2017),7.3,87,427462,"
At a top secret research facility in the 1960s, a lonely janitor forms a unique relationship with an amphibious creature that is being held in captivity.",123 min,"
Drama, Fantasy, Romance            "
221,Jumanji: Welcome to the Jungle,(2017),6.9,58,390333,"
Four teenagers are sucked into a magical video game, and the only way they can escape is to work together to finish the game.",119 min,"
Action, Adventure, Comedy            "
222,Kingsman: The Golden Circle,(2017),6.7,44,337043,"
After the Kingsman's headquarters are destroyed and the world is held hostage, an allied spy organization in the United States is discovered. These two elite secret agencies must band together to defeat a common enemy.",141 min,"
Action, Adventure, Comedy            "
223,Kong: Skull Island,(2017),6.6,62,325646,"
After the Vietnam war, a team of scientists explores an uncharted island in the Pacific, venturing into the domain of the mighty Kong, and must fight to escape a primal Eden.",118 min,"
Action, Adventure, Fantasy            "
224,Pirates of the Caribbean: Dead Men Tell No Tales,(2017),6.5,39,319424,"
Captain Jack Sparrow is pursued by old rival Captain Salazar and a crew of deadly ghosts who have escaped from the Devil's Triangle. They're determined to kill every pirate at sea...notably Jack.",129 min,"
Action, Adventure, Fantasy            "
225,Beauty and the Beast,(I) (2017),7.1,65,315421,"
A selfish Prince is cursed to become a monster for the rest of his life, unless he learns to fall in love with a beautiful young woman he keeps prisoner.",129 min,"
Adventure, Family, Fantasy            "
226,Lady Bird,(2017),7.4,93,299070,"
In 2002, an artistically inclined 17-year-old girl comes of age in Sacramento, California.",94 min,"
Comedy, Drama            "
227,The Greatest Showman,(2017),7.5,48,288531,"
Celebrates the birth of show business and tells of a visionary who rose from nothing to create a spectacle that became a worldwide sensation.",105 min,"
Biography, Drama, Musical            "
228,Alien: Covenant,(2017),6.4,65,286653,"
The crew of a colony ship, bound for a remote planet, discover an uncharted paradise with a threat beyond their imagination, and must attempt a harrowing escape.",122 min,"
Horror, Sci-Fi, Thriller            "
229,Call Me by Your Name,(2017),7.8,94,282473,"
In 1980s Italy, romance blossoms between a seventeen-year-old student and the older man hired as his father's research assistant.",132 min,"
Drama, Romance            "
230,Murder on the Orient Express,(2017),6.5,52,265220,"
When a murder occurs on the train on which he's travelling, celebrated detective Hercule Poirot is recruited to solve the case.",114 min,"
Crime, Drama, Mystery            "
231,War for the Planet of the Apes,(2017),7.4,82,262967,"
After the apes suffer unimaginable losses, Caesar wrestles with his darker instincts and begins his own mythic quest to avenge his kind.",140 min,"
Action, Adventure, Drama            "
232,Wind River,(2017),7.7,73,258763,"
A veteran hunter helps an FBI agent investigate the murder of a young woman on a Wyoming Native American reservation.",107 min,"
Crime, Drama, Mystery            "
233,The Fate of the Furious,(2017),6.6,56,236996,"
When a mysterious woman seduces Dominic Toretto into the world of terrorism and a betrayal of those closest to him, the crew face trials that will test them as never before.",136 min,"
Action, Crime, Thriller            "
234,Life,(I) (2017),6.6,54,236658,"
A team of scientists aboard the International Space Station discover a rapidly evolving life form that caused extinction on Mars and now threatens all life on Earth.",104 min,"
Horror, Sci-Fi, Thriller            "
235,The Hitman's Bodyguard,(2017),6.9,47,235683,"
One of the world's top bodyguards gets a new client, a world class hitman who must testify at the International Criminal Court. They must put their differences aside and work together to make it to the trial alive and on time.",118 min,"
Action, Comedy, Crime            "
236,Mother!,(2017),6.6,75,232200,"
A couple's relationship is tested when uninvited guests arrive at their home, disrupting their tranquil existence.",121 min,"
Drama, Horror, Mystery            "
237,"I, Tonya",(2017),7.5,77,223702,"
Competitive ice skater Tonya Harding rises amongst the ranks at the U.S. Figure Skating Championships, but her future in the activity is thrown into doubt when her ex-husband intervenes.",119 min,"
Biography, Comedy, Drama            "
238,King Arthur: Legend of the Sword,(2017),6.7,41,221365,"
Robbed of his birthright, Arthur comes up the hard way in the back alleys of the city. But once he pulls the sword from the stone, he is forced to acknowledge his true legacy - whether he likes it or not.",126 min,"
Action, Adventure, Drama            "
239,Ghost in the Shell,(2017),6.3,52,218829,"
In the near future, Major Mira Killian is the first of her kind: A human saved from a terrible crash, who is cyber-enhanced to be a perfect soldier devoted to stopping the world's most dangerous criminals.",107 min,"
Action, Crime, Drama            "
240,Darkest Hour,(2017),7.4,75,206724,"
In May 1940, the fate of World War II hangs on Winston Churchill, who must decide whether to negotiate with Adolf Hitler, or fight on knowing that it could mean the end of the British Empire.",125 min,"
Biography, Drama, War            "
241,Atomic Blonde,(2017),6.7,63,197647,"
An undercover MI6 agent is sent to Berlin during the Cold War to investigate the murder of a fellow agent and recover a missing list of double agents.",115 min,"
Action, Thriller            "
242,The Mummy,(2017),5.4,34,194431,"
An ancient Egyptian princess is awakened from her crypt beneath the desert, bringing with her malevolence grown over millennia, and terrors that defy human comprehension.",110 min,"
Action, Adventure, Fantasy            "
243,Bright,(I) (2017),6.3,29,193096,"
A detective must work with an Orc to find a powerful wand before evil creatures do.",117 min,"
Action, Fantasy, Thriller            "
244,Baywatch,(2017),5.5,37,191144,"
Devoted lifeguard Mitch Buchannon butts heads with a brash new recruit, as they uncover a criminal plot that threatens the future of the bay.",116 min,"
Action, Comedy, Crime            "
245,American Made,(2017),7.1,65,190503,"
The story of Barry Seal, an American pilot who became a drug-runner for the CIA in the 1980s in a clandestine operation that would be exposed as the Iran-Contra Affair.",115 min,"
Action, Comedy, Crime            "
